gpu,provider_eur_hr_med,markup_pct,sell_eur_hr,margin_eur_hr
A10,1.1180555555555556,45.0,1.6211805555555556,0.503125
A100 40GB (PCIe),1.2638888888888888,45.0,1.8326388888888887,0.5687499999999999
A100 80GB (SXM/PCIe),2.333333333333334,45.0,3.383333333333334,1.0500000000000003
H100 80GB (PCIe/SXM),3.135416666666667,60.0,5.0166666666666675,1.8812500000000005
H200 141GB,9.23611111111111,60.0,14.777777777777779,5.541666666666668
L4,0.8263888888888888,45.0,1.1982638888888888,0.37187499999999996
L40S,0.9479166666666666,45.0,1.3744791666666665,0.42656249999999984
RTX 3090,0.8263888888888888,50.0,1.2395833333333333,0.4131944444444444
RTX 4090,0.9479166666666665,50.0,1.4218749999999998,0.47395833333333326
