gpu,provider_eur_hr_med,markup_pct,sell_eur_hr,margin_eur_hr
A10,1.1180555555555556,50.0,1.6770833333333335,0.5590277777777779
A100 40GB (PCIe),1.2638888888888888,50.0,1.8958333333333333,0.6319444444444444
A100 80GB (SXM/PCIe),2.333333333333334,50.0,3.500000000000001,1.166666666666667
H100 80GB (PCIe/SXM),3.135416666666667,50.0,4.703125,1.567708333333333
H200 141GB,9.23611111111111,50.0,13.854166666666666,4.618055555555555
L4,0.8263888888888888,50.0,1.2395833333333333,0.4131944444444444
L40S,0.9479166666666666,50.0,1.421875,0.47395833333333337
RTX 3090,0.8263888888888888,50.0,1.2395833333333333,0.4131944444444444
RTX 4090,0.9479166666666665,50.0,1.4218749999999998,0.47395833333333326
