case,m_tokens,revenue_eur,cogs_eur,gross_margin_eur,gross_margin_pct,marketing_reserved_eur,fixed_plus_loan_eur,net_eur
worst,6.543935999999999,1352.41,556.87,795.54,58.82,270.48,3748.75,-3223.69
base,19.968,4126.72,1699.23,2427.49,58.82,825.34,3748.75,-2146.61
best,33.97346945342692,7021.18,2891.07,4130.12,58.82,1404.24,3748.75,-1022.87
