case,m_tokens,revenue_eur,cogs_eur,gross_margin_eur,gross_margin_pct,marketing_reserved_eur,fixed_plus_loan_eur,net_eur
worst,2.05044,287.06,122.44,164.62,57.35,57.41,3748.75,-3641.54
base,5.869999999999999,821.8,350.53,471.27,57.35,164.36,3748.75,-3441.84
best,9.750447196151116,1365.06,582.26,782.81,57.35,273.01,3748.75,-3238.96
